{
    "5833158580": {
        "telegram_id": "5833158580",
        "referido_por": null,
        "payeer_id": "P1125530352"
    },
    "7726463176": {
        "telegram_id": "7726463176",
        "referido_por": null,
        "payeer_id": "P1232123"
    },
    "8134289199": {
        "telegram_id": "8134289199",
        "referido_por": null,
        "payeer_id": null
    },
    "7989361026": {
        "telegram_id": "7989361026",
        "referido_por": null,
        "payeer_id": null
    },
    "1985724382": {
        "telegram_id": "1985724382",
        "referido_por": null,
        "payeer_id": "C\u00f3mo ganar"
    },
    "6559052621": {
        "telegram_id": "6559052621",
        "referido_por": null,
        "payeer_id": "P1130484406"
    },
    "6860246379": {
        "telegram_id": "6860246379",
        "referido_por": null,
        "payeer_id": null
    },
    "2036550948": {
        "telegram_id": "2036550948",
        "referido_por": null,
        "payeer_id": null
    },
    "7496687296": {
        "telegram_id": "7496687296",
        "referido_por": null,
        "payeer_id": "P1130758834"
    },
    "5609107240": {
        "telegram_id": "5609107240",
        "referido_por": null,
        "payeer_id": "Yo no se ingles mi loco"
    },
    "1981510680": {
        "telegram_id": "1981510680",
        "referido_por": null,
        "payeer_id": null
    },
    "7873513791": {
        "telegram_id": "7873513791",
        "referido_por": null,
        "payeer_id": null
    }
}